id	title	url	coding
1ncbikx	Why is Sinners treated like a bigger box office hit than Weapons?	https://reddit.com/r/boxoffice/comments/1ncbikx/why_is_sinners_treated_like_a_bigger_box_office/	NA
1p2ym5t	Wicked for good still at #1 in Italy in its second day with 166840‚Ç¨ (total is 487586 ‚Ç¨)	https://reddit.com/r/boxoffice/comments/1p2ym5t/wicked_for_good_still_at_1_in_italy_in_its_second/	NA
1p62wl9	Wicked Daily Domestic Numbers for first 2 weeks vs. Wicked For Good Daily Domestic Numbers for 1st week. So far estimates show that Wicked For Good will be getting ~$14 Million for tonight (Monday).	https://reddit.com/r/boxoffice/comments/1p62wl9/wicked_daily_domestic_numbers_for_first_2_weeks/	NA
1mn224t	Weapons took the top spot in its opening weekend in New Zealand, grossing $367k. üéüÔ∏è The Fantastic Four: First Steps dropped to the 2nd spot, earning $257k. üéüÔ∏è Freakier Friday opened in the 3rd spot with $204k.	https://reddit.com/r/boxoffice/comments/1mn224t/weapons_took_the_top_spot_in_its_opening_weekend/	NA
1oui6dz	I just watch Predator Badlands.	https://reddit.com/r/FIlm/comments/1oui6dz/i_just_watch_predator_badlands/	NA
1ovrz8x	Nuremberg (2000) vs. Nuremberg (2025)	https://reddit.com/r/movies/comments/1ovrz8x/nuremberg_2000_vs_nuremberg_2025/	NA
1ox1dug	6-Week Box Office Tracking &amp; Forecasts: ANACONDA, MARTY SUPREME, and SONG SUNG BLUE to Highlight Christmas Week Openers; WICKED: FOR GOOD Continues to Sing in Final Pre-Opening Week	https://reddit.com/r/boxoffice/comments/1ox1dug/6week_box_office_tracking_forecasts_anaconda/	NA
1p28pdv	Box Office Weekend Forecast: WICKED: FOR GOOD ($155M+) Hopes to Soar High Across Multiple Opening Record Books	https://reddit.com/r/boxoffice/comments/1p28pdv/box_office_weekend_forecast_wicked_for_good_155m/	NA
1mnf0xg	AMC Theatres Narrows 2nd Quarter Loss to $4.7 Million as Revenue Jumps 36% on 'Sinners,' 'F1' Success	https://reddit.com/r/boxoffice/comments/1mnf0xg/amc_theatres_narrows_2nd_quarter_loss_to_47/	NA
1p37kgk	$1M CLUB: PREVIEW THURSDAY  1. WICKED: FOR GOOD ($30.8M) 2. NOW YOU THREE ME ($1.2M)	https://reddit.com/r/boxoffice/comments/1p37kgk/1m_club_preview_thursday_1_wicked_for_good_308m_2/	NA
1n0vk27	Disney's The Fantastic Four: First Steps grossed $548K on Monday (from 3,190 locations).  Total domestic gross stands at $257.91M.	https://reddit.com/r/boxoffice/comments/1n0vk27/disneys_the_fantastic_four_first_steps_grossed/	NA
1m3s2te	A thought/question on the movie, Sinners	https://reddit.com/r/flicks/comments/1m3s2te/a_thoughtquestion_on_the_movie_sinners/	NA
1m9vyv6	‚ÄòFantastic Four: First Steps‚Äô Still Bound For Similar Flight Course To ‚ÄòSuperman‚Äô With $57M Friday, $120-125M Opening, Matt Shakman Movie Gets ‚ÄòA-‚Äò CinemaScore ‚Äì Box Office Update	https://reddit.com/r/boxoffice/comments/1m9vyv6/fantastic_four_first_steps_still_bound_for/	NA
1o1f1x1	NUREMBERG | Official Trailer #1 (2025)	https://reddit.com/r/movies/comments/1o1f1x1/nuremberg_official_trailer_1_2025/	NA
1p3w32r	Disney / 20th Century's Predator: Badlands grossed an estimated $1.70M on Friday (from 3,100 locations).  Estimated total domestic gross stands at $71.73M.	https://reddit.com/r/boxoffice/comments/1p3w32r/disney_20th_centurys_predator_badlands_grossed_an/	NA
1nr6mok	Wicked For Good tickets on sale October 8	https://reddit.com/r/boxoffice/comments/1nr6mok/wicked_for_good_tickets_on_sale_october_8/	NA
1oorl9d	Why does Sinners have a 7.6 rating?	https://reddit.com/r/Cinema/comments/1oorl9d/why_does_sinners_have_a_76_rating/	NA
1p5x40h	‚ÄòWicked: For Good‚Äô $330M Promo Push 2nd Highest For Hollywood Tentpole; Sequel Eyes Best Non-Holiday Monday B.O. YTD With $14M+	https://reddit.com/r/boxoffice/comments/1p5x40h/wicked_for_good_330m_promo_push_2nd_highest_for/	NA
1p5x75z	Brazil weekend (20-23 november). Wicked For Good beats opening record for non-Disney musicals, while Now You See Me 3 second weekend shows some surprisingly strong competition	https://reddit.com/r/boxoffice/comments/1p5x75z/brazil_weekend_2023_november_wicked_for_good/	NA
1p3h29t	Should be a $68.5m-$70m Friday w/ previews for Wicked: For Good.  Still on course for a possible $160m weekend.	https://reddit.com/r/boxoffice/comments/1p3h29t/should_be_a_685m70m_friday_w_previews_for_wicked/	NA
1ox7mlm	Disney / 20th Century's Predator: Badlands grossed $1.71M on Thursday (from 3,725 locations).  Total domestic gross stands at $53.30M.	https://reddit.com/r/boxoffice/comments/1ox7mlm/disney_20th_centurys_predator_badlands_grossed/	NA
1owgnnf	Theater counts: 'Predator: Badlands' retains top footprint (3,725), staying widest release for its second weekend. 'The Running Man' opens in 3,534 theaters, 'Now You See Me: Now You Don't' in 3,403, and 'Keeper' in 1,950.	https://reddit.com/r/boxoffice/comments/1owgnnf/theater_counts_predator_badlands_retains_top/	NA
1obq7vu	What are your expectations of PREDATOR BADLANDS?	https://reddit.com/r/movies/comments/1obq7vu/what_are_your_expectations_of_predator_badlands/	NA
1nnom4k	'Predator: Badlands' Director Dan Trachtenberg Wanted To Make Something That Hadn‚Äôt Existed Before (New Image)	https://reddit.com/r/movies/comments/1nnom4k/predator_badlands_director_dan_trachtenberg/	NA
1p62w72	BO Vietnam weekend 21-23/11: Wicked: For Good falls short of the first Wicked.	https://reddit.com/r/boxoffice/comments/1p62w72/bo_vietnam_weekend_212311_wicked_for_good_falls/	NA
1o0ey2q	‚ÄòPredator: Badlands‚Äô to Have PG-13 Rating	https://reddit.com/r/boxoffice/comments/1o0ey2q/predator_badlands_to_have_pg13_rating/	NA
1oyfdfs	"""Nuremberg"" Review ‚Äî¬†Mostly Misses the Mark"	https://reddit.com/r/Cinema/comments/1oyfdfs/nuremberg_review_mostly_misses_the_mark/	NA
1mrww3g	Disney's The Fantastic Four: First Steps grossed an estimated $2.40M on Friday (from 3,355 locations). Estimated total domestic gross stands at $240.64M.	https://reddit.com/r/boxoffice/comments/1mrww3g/disneys_the_fantastic_four_first_steps_grossed_an/	NA
1n7i3sm	New teaser for ‚ÄòWICKED: FOR GOOD‚Äô	https://reddit.com/r/movies/comments/1n7i3sm/new_teaser_for_wicked_for_good/	NA
1mvkg11	New image of Cynthia Erivo and Ariana Grande in ‚ÄòWicked: For Good‚Äô	https://reddit.com/r/movies/comments/1mvkg11/new_image_of_cynthia_erivo_and_ariana_grande_in/	NA
1m62r8w	With $365M worldwide, 'Sinners' becomes one of the few films to earn at least $200 million domestically, but not hit $200 million overseas. Here's a table compared to other titles.	https://reddit.com/r/boxoffice/comments/1m62r8w/with_365m_worldwide_sinners_becomes_one_of_the/	NA
1op5a5c	[Crosspost] Hey r/movies, Dan Trachtenberg here - my new film, PREDATOR: BADLANDS (starring Elle Fanning), is coming to a theater near you this Friday (11/7). I've also directed PREY, PREDATOR: KILLER OF KILLERS, and 10 CLOVERFIELD LANE. Ask Me Anything!	https://reddit.com/r/boxoffice/comments/1op5a5c/crosspost_hey_rmovies_dan_trachtenberg_here_my/	NA
1ox6bjd	They Actually Deconstructed the Predator (Predator: Badlands Review)	https://reddit.com/r/flicks/comments/1ox6bjd/they_actually_deconstructed_the_predator_predator/	NA
1ol99sm	Wicked: For Good Will Save The Box Office With A Magical Opening Weekend	https://reddit.com/r/boxoffice/comments/1ol99sm/wicked_for_good_will_save_the_box_office_with_a/	NA
1nrto4x	Sinners - review	https://reddit.com/r/FIlm/comments/1nrto4x/sinners_review/	NA
1ouduyx	'Predator: Badlands' Box Office Was Fueled by Millennials and Gen X ‚Äî Can Disney Lure Gen Z, Too?	https://reddit.com/r/boxoffice/comments/1ouduyx/predator_badlands_box_office_was_fueled_by/	NA
1mgflme	Anyone else think Sinners (2025) over explained itself?	https://reddit.com/r/Cinema/comments/1mgflme/anyone_else_think_sinners_2025_over_explained/	NA
1mase34	‚ÄòThe Fantastic Four: First Steps‚Äô Blasts Off With $218M Global Bow; Milestones Aplenty For ‚ÄòJurassic World Rebirth‚Äô ($700M), ‚ÄôSuperman‚Äô ($500M), ‚ÄòF1‚Äô ($500M) &amp; ‚ÄòHow To Train Your Dragon‚Äô ($600M) ‚Äì International Box Office	https://reddit.com/r/boxoffice/comments/1mase34/the_fantastic_four_first_steps_blasts_off_with/	NA
1p6sfie	Predator: Badlands is now the highest grossing solo 'Predator' movie in the franchise	https://reddit.com/r/boxoffice/comments/1p6sfie/predator_badlands_is_now_the_highest_grossing/	NA
1ml6j33	Disney‚Äôs Fantastic Four: First Steps grossed $2.95M on Thursday (from 4,125 locations).  Total domestic gross stands at $214.91M.	https://reddit.com/r/boxoffice/comments/1ml6j33/disneys_fantastic_four_first_steps_grossed_295m/	NA
1mglkpg	Disney's The Fantastic Four: First Steps has passed the $350M global mark. The film grossed an estimated $39.6M internationally this weekend. Estimated international total stands at $170.3M, estimated global total stands at $368.7M.	https://reddit.com/r/boxoffice/comments/1mglkpg/disneys_the_fantastic_four_first_steps_has_passed/	NA
1p0mu1j	Sony Pictures Classics' Nuremberg grossed an estimated $265K on Monday (from 1,830 locations).  Estimated total domestic gross stands at $8.76M.	https://reddit.com/r/boxoffice/comments/1p0mu1j/sony_pictures_classics_nuremberg_grossed_an/	NA
1mvrouv	Are the financial success of Sinners and Weapons flukes? Or are they a signal that original auteur-driven films are making a comeback? Or this is only a thing for horror movies?	https://reddit.com/r/FIlm/comments/1mvrouv/are_the_financial_success_of_sinners_and_weapons/	NA
1m6iglo	Excellent acceleration on The Fantastic Four: First Steps sales in the last 24 hours. Looking at a $135m+ opening weekend and won't be shocked if it goes higher as positive word of mouth spreads. Marvel Studios and Disney rolling.	https://reddit.com/r/boxoffice/comments/1m6iglo/excellent_acceleration_on_the_fantastic_four/	NA
1ortf4q	Per Deadline, PostTrak scores for 'Predator: Badlands' were 5 stars and 78% definite recommend.	https://reddit.com/r/boxoffice/comments/1ortf4q/per_deadline_posttrak_scores_for_predator/	NA
1m98a2r	‚ÄòThe Fantastic Four: First Steps‚Äô Storms To $27M In Early Offshore Play ‚Äì International Box Office	https://reddit.com/r/boxoffice/comments/1m98a2r/the_fantastic_four_first_steps_storms_to_27m_in/	NA
1p197ai	‚ÄòWicked: For Good‚Äô Aims for Biggest Opening of 2025 With $150 Million to $180 Million Debut	https://reddit.com/r/boxoffice/comments/1p197ai/wicked_for_good_aims_for_biggest_opening_of_2025/	NA
1ox8uxe	Next weekend's estimated location count for Universal's Wicked: For Good is 4,000 locations.	https://reddit.com/r/boxoffice/comments/1ox8uxe/next_weekends_estimated_location_count_for/	NA
1mky5ku	Per Deadline, 'The Fantastic Four: First Steps' earned $2.89M (-25% from Wednesday) on its second Thursday. Domestic total stands at $214.8M.	https://reddit.com/r/boxoffice/comments/1mky5ku/per_deadline_the_fantastic_four_first_steps/	NA
1orwmzz	Per Deadline, PostTrak scores for 'Nuremberg' were 5 stars, 76% definite recommend, and 93% positive. The audience was 67% 45+ and 51% 55+, as well as 57% male. Racial demographics were 75% Caucasian, 10% Latino/Hispanic, 6% Black, and 5% Asian American.	https://reddit.com/r/boxoffice/comments/1orwmzz/per_deadline_posttrak_scores_for_nuremberg_were_5/	NA
1m5s6ve	Predator: Badlands | Official Trailer | Elle Fanning, directed by Dan Trachtenberg	https://reddit.com/r/FIlm/comments/1m5s6ve/predator_badlands_official_trailer_elle_fanning/	NA
1m6s60m	Box Office: ‚ÄòFantastic Four: First Steps‚Äô Aims for $110 Million Liftoff	https://reddit.com/r/boxoffice/comments/1m6s60m/box_office_fantastic_four_first_steps_aims_for/	NA
1oqj2z9	Predator Badlands - Honest Interview with Dan Trachtenberg	https://reddit.com/r/movies/comments/1oqj2z9/predator_badlands_honest_interview_with_dan/	NA
1p3drfi	Ariana Grande, in 'Wicked: For Good,' Proves She's a Movie Star	https://reddit.com/r/movies/comments/1p3drfi/ariana_grande_in_wicked_for_good_proves_shes_a/	NA
1orcr6a	Warner Bros.'s Sinners grossed $912K this week (from 305 IMAX locations). Total domestic gross stands at $279.65M.	https://reddit.com/r/boxoffice/comments/1orcr6a/warner_bross_sinners_grossed_912k_this_week_from/	NA
1mcmlik	Disney's The Fantastic Four: First Steps grossed $10.42M on Monday (from 4,125 locations). Total domestic gross stands at $128.07M.	https://reddit.com/r/boxoffice/comments/1mcmlik/disneys_the_fantastic_four_first_steps_grossed/	NA
1ort213	‚ÄòPredator: Badlands‚Äô Heads For Near Franchise Record Opening Of $37M, A- CinemaScore Is Best Ever For Series ‚Äì Saturday Box Office Update	https://reddit.com/r/boxoffice/comments/1ort213/predator_badlands_heads_for_near_franchise_record/	NA
1nlosgt	‚ÄòSinners‚Äô Will Compete for Best Drama at the Golden Globes	https://reddit.com/r/movies/comments/1nlosgt/sinners_will_compete_for_best_drama_at_the_golden/	NA
1ovb00m	Box Office Weekend Forecast: THE RUNNING MAN ($14-19M) and NOW YOU SEE ME: NOW YOU DON‚ÄôT ($15-20M) Too Close to Call; Can Either Overtake PREDATOR: BADLANDS ($15-19M)?	https://reddit.com/r/boxoffice/comments/1ovb00m/box_office_weekend_forecast_the_running_man_1419m/	NA
1mglh4n	Disney's The Fantastic Four: First Steps grossed an estimated $40.0M this weekend (from 4,125 locations). Estimated total domestic gross stands at $198.43M.	https://reddit.com/r/boxoffice/comments/1mglh4n/disneys_the_fantastic_four_first_steps_grossed_an/	NA
1p5if1k	AMC Entertainment (NYSE: AMC) Sets Biggest PG Opening Since 2023 With Wicked: For Good	https://reddit.com/r/boxoffice/comments/1p5if1k/amc_entertainment_nyse_amc_sets_biggest_pg/	NA
1mpfmrs	Disney's The Fantastic Four: First Steps grossed $2.64M on Tuesday (from 3,600 locations). Total domestic gross stands at $235.09M.	https://reddit.com/r/boxoffice/comments/1mpfmrs/disneys_the_fantastic_four_first_steps_grossed/	NA
1ohxv9b	‚ÄòPredator: Badlands‚Äô | Weyland-Yutani Returns	https://reddit.com/r/movies/comments/1ohxv9b/predator_badlands_weylandyutani_returns/	NA
1o39rl6	‚ÄòWicked: For Good‚Äô Awards Categories Locked: Cynthia Erivo Goes Lead, Ariana Grande Goes Supporting	https://reddit.com/r/movies/comments/1o39rl6/wicked_for_good_awards_categories_locked_cynthia/	NA
1p2njr5	Official Discussion - Wicked: For Good [SPOILERS]	https://reddit.com/r/movies/comments/1p2njr5/official_discussion_wicked_for_good_spoilers/	NA
1oqjexr	Official Discussion - Predator: Badlands [SPOILERS]	https://reddit.com/r/movies/comments/1oqjexr/official_discussion_predator_badlands_spoilers/	NA
1p3wzph	Audience breakdown and diversity demos for Wicked: For Good	https://reddit.com/r/boxoffice/comments/1p3wzph/audience_breakdown_and_diversity_demos_for_wicked/	NA
1o1c5w7	Three Years After its Straight-to-Hulu Release, 'Prey' is Coming to Theaters on November 5 for Double Feature with 'Predator: Badlands'	https://reddit.com/r/movies/comments/1o1c5w7/three_years_after_its_straighttohulu_release_prey/	NA
1otizo3	Predator: Badlands Has Franchise-Best Opening - Charts with Dan!	https://reddit.com/r/boxoffice/comments/1otizo3/predator_badlands_has_franchisebest_opening/	NA
1me9z97	Disney's The Fantastic Four: First Steps grossed $8.66M on Wednesday (from 4,125 locations).  Total domestic gross stands at $150.91M.	https://reddit.com/r/boxoffice/comments/1me9z97/disneys_the_fantastic_four_first_steps_grossed/	NA
1ng6lpu	Michael Shannon on Finally Getting His Big Courtroom Drama with ‚ÄòNuremberg,‚Äô His Next R.E.M. Tour, and Playing Bill Parcells	https://reddit.com/r/movies/comments/1ng6lpu/michael_shannon_on_finally_getting_his_big/	NA
1nii613	"""The Fantastic Four: First Steps"" releases on digital September 23rd"	https://reddit.com/r/movies/comments/1nii613/the_fantastic_four_first_steps_releases_on/	NA
1or020t	In China Predator: Badlands opens on top with $1.95M. Projected a solid $6.5-7M opening weekend. Demon Slayer: Infinity Castle opening day pre-sales hit $4.42M vs Suzume($1.73M), The First Slam Dunk($1.75M). Full Weekend presales hit $9.6M. Zootopia 2 becomes 3rd most anticipated Holywood movie ever	https://reddit.com/r/boxoffice/comments/1or020t/in_china_predator_badlands_opens_on_top_with_195m/	NA
1ny1o65	Long Range Forecast: PREDATOR: BADLANDS Brings the Iconic Horror Franchise Back to the Big Screen	https://reddit.com/r/boxoffice/comments/1ny1o65/long_range_forecast_predator_badlands_brings_the/	NA
1oz0kl6	Sony Pictures Classics' Nuremberg grossed an estimated $2.60M this weekend (from 1,830 locations), which was a 33% decrease from last weekend.	https://reddit.com/r/boxoffice/comments/1oz0kl6/sony_pictures_classics_nuremberg_grossed_an/	NA
1muuoxg	Disney‚Äôs The Fantastic Four: First Steps grossed $918K on Monday (from 3,355 locations).  Total domestic gross stands at $248.19M.	https://reddit.com/r/boxoffice/comments/1muuoxg/disneys_the_fantastic_four_first_steps_grossed/	NA
1p4o4sr	Predator: Badlands was so much fun!	https://reddit.com/r/Cinema/comments/1p4o4sr/predator_badlands_was_so_much_fun/	NA
1p5hjz5	Predator: Badlands box office analysis ‚Äî domestic/international ratios and break-even outlook	https://reddit.com/r/boxoffice/comments/1p5hjz5/predator_badlands_box_office_analysis/	NA
1n4xmtg	Disney's The Fantastic Four: First Steps has passed the $500M global mark. The film grossed an estimated $4.4M internationally this weekend. Estimated international total through Sunday stands at $240.5M, estimated global total through Sunday stands at $505.1M.	https://reddit.com/r/boxoffice/comments/1n4xmtg/disneys_the_fantastic_four_first_steps_has_passed/	NA
1owjneo	Sony Pictures Classics' Nuremberg grossed an estimated $435K on Wednesday (from 1,802 locations).  Estimated total domestic gross stands at $5.66M.	https://reddit.com/r/boxoffice/comments/1owjneo/sony_pictures_classics_nuremberg_grossed_an/	NA
1mjrz1z	The Fantastic Four: First Steps is in the top spot for its second week in New Zealand, with it's box office total now at $1.88M. üéüÔ∏è Superman held on to the 2nd spot in its fourth week, its box office total is now at $3.13M.	https://reddit.com/r/boxoffice/comments/1mjrz1z/the_fantastic_four_first_steps_is_in_the_top_spot/	NA
1otntle	Sony Pictures Classics' Nuremberg debuted with $3.88M domestically this weekend (from 1,802 locations).  Daily Grosses FRI - $1.460M SAT - $1.437M SUN - $986K	https://reddit.com/r/boxoffice/comments/1otntle/sony_pictures_classics_nuremberg_debuted_with/	NA
1mb8ror	‚ÄòThe Fantastic Four: First Steps‚Äô Breaks A Box Office Curse-The 5th Adaptation Effort For Big Screen, Costs At Least $300M To Make &amp; Market Worldwide, Was Marvel Studios‚Äô First Original Breakout Hit In 6 Years. Film Consultant David Gross Says It's ‚ÄúThe New Normal‚Äù With Pullback In Superhero Movies.	https://reddit.com/r/boxoffice/comments/1mb8ror/the_fantastic_four_first_steps_breaks_a_box/	NA
1m7bmke	New Poster for 'Wicked: For Good'	https://reddit.com/r/movies/comments/1m7bmke/new_poster_for_wicked_for_good/	NA
1p39xya	‚ÄòWicked: For Good‚Äô Opening To $150M, A Record For Broadway Musical Feature Adaptation Ahead Of Last Year‚Äôs ‚ÄòWicked‚Äô ‚Äì Box Office	https://reddit.com/r/boxoffice/comments/1p39xya/wicked_for_good_opening_to_150m_a_record_for/	NA
1mar4s1	Disney's The Fantastic Four: First Steps has grossed an estimated $26.6M from global IMAX screens through Sunday. IMAX Totals Domestic - $16.0M International - $10.6M	https://reddit.com/r/boxoffice/comments/1mar4s1/disneys_the_fantastic_four_first_steps_has/	NA
1m9wbyp	Age breakdown for The Fantastic Four: First Steps	https://reddit.com/r/boxoffice/comments/1m9wbyp/age_breakdown_for_the_fantastic_four_first_steps/	NA
1okit87	SK Thursday Update: Wicked for Good finally on sale!	https://reddit.com/r/boxoffice/comments/1okit87/sk_thursday_update_wicked_for_good_finally_on_sale/	NA
1nd5ho3	Finally watched Sinners(2025) and I don't really understand the overwhelming praise	https://reddit.com/r/Cinema/comments/1nd5ho3/finally_watched_sinners2025_and_i_dont_really/	NA
1oqzzxb	6-Week Box Office Tracking &amp; Forecasts: AVATAR: FIRE AND ASH Targets $110M+ Domestic Launch in Early Outlooks; WICKED: FOR GOOD ($182M OW, $530M DOM) and ZOOTOPIA 2 ($111M OW, $405M DOM) Check-Ins &amp; More	https://reddit.com/r/boxoffice/comments/1oqzzxb/6week_box_office_tracking_forecasts_avatar_fire/	NA
1p0hb5h	'Wicked: For Good' Review Thread	https://reddit.com/r/boxoffice/comments/1p0hb5h/wicked_for_good_review_thread/	NA
1oquwio	It looks like $5m+ in previews for Predator: Badlands, an excellent start to what could be a record $30m-$35m opening for the Predator franchise.	https://reddit.com/r/boxoffice/comments/1oquwio/it_looks_like_5m_in_previews_for_predator/	NA
1org0fg	'Predator: Badlands' gets an A- Cinemascore	https://reddit.com/r/boxoffice/comments/1org0fg/predator_badlands_gets_an_a_cinemascore/	NA
1oxerww	AMA/Q&amp;A Announcement - Sarah Schachner - Tuesday 11/18 at 3:00 PM ET - Composer of 'Predator: Badlands', 'Prey', 'The Lazarus Effect', 'Call of Duty: Modern Warfare 2', 'Assassin's Creed: Valhalla', and lots more.	https://reddit.com/r/movies/comments/1oxerww/amaqa_announcement_sarah_schachner_tuesday_1118/	NA
1n1yj61	Official Poster for indie romcom ‚ÄòMIDDLE LIFE‚Äô starring musician Peter Dreimanis from SINNERS and the Canadian band July Talk	https://reddit.com/r/movies/comments/1n1yj61/official_poster_for_indie_romcom_middle_life/	NA
1ov9v98	$1M CLUB: VETERANS TUESDAY  1. PREDATOR: BADLANDS ($5.8M) 2. REGRETTING YOU ($1.1M) 3. SARAH‚ÄôS OIL ($1M)	https://reddit.com/r/boxoffice/comments/1ov9v98/1m_club_veterans_tuesday_1_predator_badlands_58m/	NA
1m8kto1	'The Fantastic Four: First Steps' Rotten Tomatoes Verified Audience Score Thread	https://reddit.com/r/boxoffice/comments/1m8kto1/the_fantastic_four_first_steps_rotten_tomatoes/	NA
1myxlvk	Disney's The Fantastic Four: First Steps grossed an estimated $5.8M internationally this weekend. Estimated international total stands at $232.8M, estimated global total stands at $490.1M.	https://reddit.com/r/boxoffice/comments/1myxlvk/disneys_the_fantastic_four_first_steps_grossed_an/	NA
1na27ys	Disney's The Fantastic Four: First Steps grossed an estimated $637K on Friday (from 2,385 locations).  Estimated total domestic gross stands at $268.02M.	https://reddit.com/r/boxoffice/comments/1na27ys/disneys_the_fantastic_four_first_steps_grossed_an/	NA
1p481c4	Act two of 'Wicked' is weaker, yes, but Wicked: For Good doesn't do anything interesting with the material	https://reddit.com/r/flicks/comments/1p481c4/act_two_of_wicked_is_weaker_yes_but_wicked_for/	NA
1nkf9aw	‚ÄòFrankenstein,‚Äô ‚ÄòNuremberg‚Äô and ‚ÄòSentimental Value‚Äô Among Santa Fe International Film Festival Lineup (EXCLUSIVE)	https://reddit.com/r/movies/comments/1nkf9aw/frankenstein_nuremberg_and_sentimental_value/	NA
1mgmnv1	Disney's The Fantastic Four: First Steps has grossed an estimated $43.9M from global IMAX screens through Sunday. IMAX Totals: Domestic - $26.3M, International - $17.6M.	https://reddit.com/r/boxoffice/comments/1mgmnv1/disneys_the_fantastic_four_first_steps_has/	NA
1p0703w	The Glen Powell Paradox - Leading Men, Take Heed: ‚ÄúThe Running Man‚Äù Remake‚Äôs Soft Opening Is A Lesson About The Difference Between Bankable I.P. &amp; Fare Maybe Best Left To History. Meanwhile, Movies Made By, For, And/Or Starring Women Continue To Power The Box Office, With ‚ÄúWicked: For Good‚Äù On Deck.	https://reddit.com/r/boxoffice/comments/1p0703w/the_glen_powell_paradox_leading_men_take_heed_the/	NA
1o4kqm3	One of my favorite scenes in recent cinema. If you haven‚Äôt watched sinners would definitely recommend.	https://reddit.com/r/FIlm/comments/1o4kqm3/one_of_my_favorite_scenes_in_recent_cinema_if_you/	NA
1mbt6oq	July 25-27 Box Office Recap ‚Äì 'The Fantastic Four: First Steps' opens with a fantastic $117.6M domestically. But it disappoints overseas, earning just $99M. Worldwide, 'Jurassic World Rebirth' crosses $700M, 'How to Train Your Dragon' crosses $600M, while 'F1' and 'Superman' cross $500M.	https://reddit.com/r/movies/comments/1mbt6oq/july_2527_box_office_recap_the_fantastic_four/	NA
1m4s59f	Sinners X Vivaldi	https://reddit.com/r/Cinema/comments/1m4s59f/sinners_x_vivaldi/	NA
1mh6hj4	The Fantastic Four: First Steps is still the no.1 film in New Zealand, adding $499k in its second weekend. üéüÔ∏è Superman held on to the 2nd spot in its fourth weekend with $211k. üéüÔ∏è F1 The Movie is back up in the 3rd spot in its sixth weekend, grossing $169k.	https://reddit.com/r/boxoffice/comments/1mh6hj4/the_fantastic_four_first_steps_is_still_the_no1/	NA
1ohroo5	Disney's The Fantastic Four: First Steps has ended its domestic run with a total domestic gross of $274,286,610.	https://reddit.com/r/boxoffice/comments/1ohroo5/disneys_the_fantastic_four_first_steps_has_ended/	NA
1m99ai5	‚ÄòFantastic Four: First Steps‚Äô Flying ‚ÄòSuperman‚Äôs Route Toward Great $125M Opening ‚Äì Box Office	https://reddit.com/r/boxoffice/comments/1m99ai5/fantastic_four_first_steps_flying_supermans_route/	NA
1ouji5z	Disney / 20th Century's Predator: Badlands grossed $3.48M on Monday (from 3,725 locations).  Total domestic gross stands at $43.50M.	https://reddit.com/r/boxoffice/comments/1ouji5z/disney_20th_centurys_predator_badlands_grossed/	NA
1m35wke	Box Office Tracking &amp; Forecasts: THE FANTASTIC FOUR: FIRST STEPS Still On Course for $22-25M+ Previews, $125-145M Opening, $277-382M Domestic Total Ahead of Tuesday Review Embargo	https://reddit.com/r/boxoffice/comments/1m35wke/box_office_tracking_forecasts_the_fantastic_four/	NA
1my366f	Disney's The Fantastic Four: First Steps grossed an estimated $1.60M on Friday (from 3,190 locations), which was a 36% decrease from the previous Friday. Total domestic gross stands at $252.95M.	https://reddit.com/r/boxoffice/comments/1my366f/disneys_the_fantastic_four_first_steps_grossed_an/	NA
1o0xvps	Predator: Badlands tickets on sale October 13	https://reddit.com/r/boxoffice/comments/1o0xvps/predator_badlands_tickets_on_sale_october_13/	NA
1m8tond	U.K. &amp; Ireland Box Office. The Fantastic Four: First Steps debuts with ¬£2.05m Thursday.	https://reddit.com/r/boxoffice/comments/1m8tond/uk_ireland_box_office_the_fantastic_four_first/	NA
1myxjf2	Disney's The Fantastic Four: First Steps grossed an estimated $5.90M this weekend (from 3,190 locations). Estimated total domestic gross stands at $257.25M.	https://reddit.com/r/boxoffice/comments/1myxjf2/disneys_the_fantastic_four_first_steps_grossed_an/	NA
1osmokn	Box Office Badass: ‚ÄòPredator Badlands‚Äô Kicks Off November With Record $40M U.S. Opening, Adds $40M Overseas for $80M Global Debut	https://reddit.com/r/boxoffice/comments/1osmokn/box_office_badass_predator_badlands_kicks_off/	NA
1p54a2o	‚ÄòRental Family‚Äô, ‚ÄòNuremberg‚Äô &amp; ‚ÄòSentimental Value‚Äô Solid Amid Wall To Wall ‚ÄòWicked‚Äô ‚Äì Specialty Box Office	https://reddit.com/r/boxoffice/comments/1p54a2o/rental_family_nuremberg_sentimental_value_solid/	NA
1owjlq0	Disney / 20th Century's Predator: Badlands grossed $2.31M on Wednesday (from 3,725 locations).  Total domestic gross stands at $51.59M.  Predator: Badlands has now surpassed the $51.02M final domestic gross of 2018's The Predator.	https://reddit.com/r/boxoffice/comments/1owjlq0/disney_20th_centurys_predator_badlands_grossed/	NA
1m6ns5c	How good is Fantastic Four: First Steps?	https://reddit.com/r/Cinema/comments/1m6ns5c/how_good_is_fantastic_four_first_steps/	NA
1osvs42	EmpireCity Box Office: As it stands right now for next, expecting Now You See Me 3 to win the weekend in the mid-$20m range, Predator Badlands to hold strong in the high-teens and The Running Man to come in third in mid-high teens.	https://reddit.com/r/boxoffice/comments/1osvs42/empirecity_box_office_as_it_stands_right_now_for/	NA
1opx9si	The Fantastic Four (1994) Cameos in Marvel Studios‚Äô The Fantastic Four: First Steps | Featurette	https://reddit.com/r/movies/comments/1opx9si/the_fantastic_four_1994_cameos_in_marvel_studios/	NA
1ov94e2	In China Demon Slayer: Infinity Castle opening day pre-sales hit $9.11M vs Suzume($6.03M). Projected a $19-21M opening day,   $21-24M including midnight scr. Weekend looking like its gonna be $60-70M. Now You See Me 3 aiming for a $20M+ opening weekend. Predator: Badlands adds $0.86M/$10.11M on WED	https://reddit.com/r/boxoffice/comments/1ov94e2/in_china_demon_slayer_infinity_castle_opening_day/	NA
1p4q7vw	Universal's Wicked: For Good has grossed an estimated $21.1M from global IMAX screens through Sunday. IMAX Totals: Domestic - $15.5M; International - $5.6M.	https://reddit.com/r/boxoffice/comments/1p4q7vw/universals_wicked_for_good_has_grossed_an/	NA
1ox9o3n	Lionsgate‚Äôs ‚ÄòNow You See Me: Now You Don't‚Äô Weaving Magic With $7.5M Friday, No. 1 $20-24M Opening; ‚ÄòThe Running Man‚Äô ($5.5M Friday) And ‚ÄòPredator: Badlands‚Äô ($4M Friday) Fighting For 2nd With $15M Apiece; ‚ÄòKeeper‚Äô Eyes $1M Friday/$2-3M 3-Day ‚Äì Friday PM Box Office	https://reddit.com/r/boxoffice/comments/1ox9o3n/lionsgates_now_you_see_me_now_you_dont_weaving/	NA
1nzn5hj	New Poster for 'Predator: Badlands'	https://reddit.com/r/movies/comments/1nzn5hj/new_poster_for_predator_badlands/	NA
1mrf7j1	Question after watching Sinners	https://reddit.com/r/FIlm/comments/1mrf7j1/question_after_watching_sinners/	NA
1mn206f	Weapons took the top spot in its opening weekend in Australia, grossing $2.83M. üê® Freakier Friday opened in the 2nd spot with $1.91M. ü¶ò The Fantastic Four: First Steps drops to 3rd, taking $1.67M.	https://reddit.com/r/boxoffice/comments/1mn206f/weapons_took_the_top_spot_in_its_opening_weekend/	NA
1mnmc6w	Disney's The Fantastic Four: First Steps grossed $15.78M this weekend (from 3,600 locations). Total domestic gross stands at $230.70M. Daily Grosses: FRI - $4.531M; SAT - $6.451M; SUN - $4.803M.	https://reddit.com/r/boxoffice/comments/1mnmc6w/disneys_the_fantastic_four_first_steps_grossed/	NA
1n5ujvj	Updated 3-day weekend estimate for Disney's The Fantastic Four: First Steps is $4.90M (from 2,785 locations), which is an 18% decrease from last weekend. Updated 4-day weekend estimate is $6.30M. Estimated total domestic gross through Monday stands at $266.13M.	https://reddit.com/r/boxoffice/comments/1n5ujvj/updated_3day_weekend_estimate_for_disneys_the/	NA
1ocg49v	New ‚ÄòWicked: For Good‚Äô Character Posters	https://reddit.com/r/movies/comments/1ocg49v/new_wicked_for_good_character_posters/	NA
1oq4oli	Oscar-winning costume designer Ruth E. Carter decodes the 'red, white, and blue' color palette of ‚ÄòSinners‚Äô:	https://reddit.com/r/movies/comments/1oq4oli/oscarwinning_costume_designer_ruth_e_carter/	NA
1naw58w	Disney's The Fantastic Four: First Steps grossed an estimated $2.75M this weekend (from 2,385 locations). Estimated total domestic gross stands at $270.13M.	https://reddit.com/r/boxoffice/comments/1naw58w/disneys_the_fantastic_four_first_steps_grossed_an/	NA
1ok509e	‚ÄòWicked: For Good‚Äô Will Deliver Magic To The Box Office With $112M-$115M+ Opening ‚Äì Early Look	https://reddit.com/r/boxoffice/comments/1ok509e/wicked_for_good_will_deliver_magic_to_the_box/	NA
1p243kb	Wicked for good debuts in Italy with 319440 ‚Ç¨ at #1 (wicked in 2024 did 228060‚Ç¨ in its first day)	https://reddit.com/r/boxoffice/comments/1p243kb/wicked_for_good_debuts_in_italy_with_319440_at_1/	NA
1mbnao1	With actuals out, 'The Fantastic Four: First Steps' officially has the worst Internal Multiplier (4.82x) in the MCU. Here's a table compared to other MCU titles.	https://reddit.com/r/boxoffice/comments/1mbnao1/with_actuals_out_the_fantastic_four_first_steps/	NA
1m5mtsx	Predator: Badlands | Official Trailer. Predictions?	https://reddit.com/r/boxoffice/comments/1m5mtsx/predator_badlands_official_trailer_predictions/	NA
1ovr06g	Predator: Badlands is the No.1 film in its opening week at the New Zealand box office, with a total of $504k including previews. üéüÔ∏è Pike River is closing in on $1M, taking the No. 2 spot in its second week with $287k, its box office total is now at $935k.	https://reddit.com/r/boxoffice/comments/1ovr06g/predator_badlands_is_the_no1_film_in_its_opening/	NA
1m7k953	Fantastic four: first steps ( review) [shpoilersh]	https://reddit.com/r/Cinema/comments/1m7k953/fantastic_four_first_steps_review_shpoilersh/	NA
1o37dne	6-Week Box Office Tracking &amp; Forecasts: WICKED: FOR GOOD ($145M+) Pre-Sales Show Potential to Fly High Above Part 1‚Äôs $112.5M Domestic Launch	https://reddit.com/r/boxoffice/comments/1o37dne/6week_box_office_tracking_forecasts_wicked_for/	NA
1ovbooo	Sony Pictures Classics' Nuremberg grossed an estimated $870K on Veterans Day Tuesday (from 1,802 locations).  Estimated total domestic gross stands at $5.22M.	https://reddit.com/r/boxoffice/comments/1ovbooo/sony_pictures_classics_nuremberg_grossed_an/	NA
1nrxa4p	I was incredibly disappointed with Sinners after hearing how good it was. It‚Äôs not even close to elite.	https://reddit.com/r/movies/comments/1nrxa4p/i_was_incredibly_disappointed_with_sinners_after/	NA
1oodexl	To celebrate the release of Predator Badlands this Friday, what's everyone's favorite Predator movie?	https://reddit.com/r/FIlm/comments/1oodexl/to_celebrate_the_release_of_predator_badlands/	NA
1nsru6v	"Ryan Coogler's creator-owned deal with Warner Bros. for Sinners wasn't the first, but the studio blames ""sore loserism"" for the news being spun the way it was"	https://reddit.com/r/boxoffice/comments/1nsru6v/ryan_cooglers_creatorowned_deal_with_warner_bros/	NA
1opy2kq	'Nuremberg' Review Thread	https://reddit.com/r/boxoffice/comments/1opy2kq/nuremberg_review_thread/	NA
1mdf3ty	Disney's The Fantastic Four: First Steps grossed $14.19M on Tuesday (from 4,125 locations). Total domestic gross stands at $142.26M. The Fantastic Four: First Steps has now passed the $131.92M total domestic gross of 2007's Fantastic Four: Rise of the Silver Surfer.	https://reddit.com/r/boxoffice/comments/1mdf3ty/disneys_the_fantastic_four_first_steps_grossed/	NA
1mlrr30	Disney's The Fantastic Four: First Steps grossed an estimated $4.50M on Friday (from 3,600 locations).  Estimated total domestic gross stands at $219.41M.	https://reddit.com/r/boxoffice/comments/1mlrr30/disneys_the_fantastic_four_first_steps_grossed_an/	NA
1p2crag	With the release of Wicked: For Good‚Ä¶ what were your thoughts on the first Wicked film? üíñüíö	https://reddit.com/r/FIlm/comments/1p2crag/with_the_release_of_wicked_for_good_what_were/	NA
1obleyw	‚ÄòWicked: For Good‚Äô Casts Colman Domingo as Cowardly Lion	https://reddit.com/r/movies/comments/1obleyw/wicked_for_good_casts_colman_domingo_as_cowardly/	NA
1odat7f	r/BoxOffice Long Range Forecast: 'Wicked: For Good', 'Rental Family', and 'Sisu: Road to Revenge'	https://reddit.com/r/boxoffice/comments/1odat7f/rboxoffice_long_range_forecast_wicked_for_good/	NA
1p3h6qh	Did anyone find Nuremberg funny?	https://reddit.com/r/FIlm/comments/1p3h6qh/did_anyone_find_nuremberg_funny/	NA
1p5gb2n	‚ÄòWicked: For Good‚Äô rules UK-Ireland box office with biggest opening since ‚ÄòBarbie‚Äô üéüÔ∏è Film scores over ¬£5.5m on each day of weekend, and has ¬£18.9m including previews.	https://reddit.com/r/boxoffice/comments/1p5gb2n/wicked_for_good_rules_ukireland_box_office_with/	NA
1p31c6h	Brazil: Wicked For Good made R$5.67M on the first two days, more than doubling the original's start, while Now You See Me 3 and Secret Agent have a boost.	https://reddit.com/r/boxoffice/comments/1p31c6h/brazil_wicked_for_good_made_r567m_on_the_first/	NA
1p1exft	'Wicked: For Good' to Kick Off a Huge Winter Box Office With $150 Million-Plus Opening	https://reddit.com/r/boxoffice/comments/1p1exft/wicked_for_good_to_kick_off_a_huge_winter_box/	NA
1mdaiqf	NUREMBERG | Official Teaser (2025)	https://reddit.com/r/movies/comments/1mdaiqf/nuremberg_official_teaser_2025/	NA
1m9jaeu	'The Fantastic Four: First Steps' gets an A- Cinemascore	https://reddit.com/r/boxoffice/comments/1m9jaeu/the_fantastic_four_first_steps_gets_an_a/	NA
1m5x72o	'Avatar: Fire and Ash' Trailer to Play in Theaters Before 'The Fantastic Four: First Steps'	https://reddit.com/r/movies/comments/1m5x72o/avatar_fire_and_ash_trailer_to_play_in_theaters/	NA
1npaj7x	Wicked: For Good | Final Trailer	https://reddit.com/r/boxoffice/comments/1npaj7x/wicked_for_good_final_trailer/	NA
1p4qlty	‚ÄòWicked: For Good‚Äô Magical At $226M Global Bow; Biggest Start Ever For A Broadway Musical Adaptation ‚Äì International Box Office	https://reddit.com/r/boxoffice/comments/1p4qlty/wicked_for_good_magical_at_226m_global_bow/	NA
1oqg3z6	üáπüá≠ Thailand box office Thursday November 6: local films are getting 57% of all screening slots, but Predator Badlands received the biggest screening slot	https://reddit.com/r/boxoffice/comments/1oqg3z6/thailand_box_office_thursday_november_6_local/	NA
1oqgu9y	SK Thursday Update: Presales for Now You See Me 3 and Wicked For Good are underway and kicking	https://reddit.com/r/boxoffice/comments/1oqgu9y/sk_thursday_update_presales_for_now_you_see_me_3/	NA
1mi0yhp	‚ÄòThe Fantastic Four: First Steps‚Äô fights off ‚ÄòThe Naked Gun‚Äô to hold UK-Ireland box office lead, crossing ¬£15m	https://reddit.com/r/boxoffice/comments/1mi0yhp/the_fantastic_four_first_steps_fights_off_the/	NA
1ohb6xw	Just saw the Nuremberg trailer... thoughts?	https://reddit.com/r/Cinema/comments/1ohb6xw/just_saw_the_nuremberg_trailer_thoughts/	NA
1o5j9xk	Predator: Badlands | Get Tickets Now	https://reddit.com/r/movies/comments/1o5j9xk/predator_badlands_get_tickets_now/	NA
1ovpv6k	Judgement at Nuremberg	https://reddit.com/r/FIlm/comments/1ovpv6k/judgement_at_nuremberg/	NA
1o18hr5	Wicked: For Good | Get Tickets Now	https://reddit.com/r/boxoffice/comments/1o18hr5/wicked_for_good_get_tickets_now/	NA
1p6l7x2	‚ÄòZootopia 2‚Äô Aims for $150 Million at Thanksgiving Box Office, ‚ÄòWicked: For Good‚Äô to Add $100 Million Over Holiday Weekend	https://reddit.com/r/boxoffice/comments/1p6l7x2/zootopia_2_aims_for_150_million_at_thanksgiving/	NA
1p2yaek	Update: Wicked: For Good Previews - Amazon Prime Screenings ~ $6M+ (estimate); Wednesday Early Access ~ $6.5M; Thursday ~ $18M; Total ~ $31M	https://reddit.com/r/boxoffice/comments/1p2yaek/update_wicked_for_good_previews_amazon_prime/	NA
1mcdmev	The Fantastic 4: First Steps opened lower than Thunderbolts* and Captain America: Brave New World. It had the MCU¬¥s 8th Lowest Opening Weekend &amp; the 11th Biggest 2025 Opening Weekend. Lilo &amp; Stitch surpassed 3 million tickets. The Life of Chuck debuts in 11th place - Germany Box Office	https://reddit.com/r/boxoffice/comments/1mcdmev/the_fantastic_4_first_steps_opened_lower_than/	NA
1mi29yr	‚ÄòFantastic Four: First Steps‚Äô Holds No. 1 Spot at U.K., Ireland Box Office as ‚ÄòNaked Gun‚Äô Reboot Lands at No. 2	https://reddit.com/r/boxoffice/comments/1mi29yr/fantastic_four_first_steps_holds_no_1_spot_at_uk/	NA
1nb6gru	After ‚ÄòConjuring: Last Rites,‚Äô Warner Bros. Makes Box Office History With 7 Consecutive Movies Opening Above $40 Million - WB has generated ~$600M year-to-date in theatrical profits, including 'Sinners' ($60M), 'Superman' ($125M), 'Final Destination' ($75M), 'Weapons' ($65M), and 'F1' ($34M).	https://reddit.com/r/boxoffice/comments/1nb6gru/after_conjuring_last_rites_warner_bros_makes_box/	NA
1m9w6nw	International total is $49.2M so far for 'The Fantastic Four: First Steps.'	https://reddit.com/r/boxoffice/comments/1m9w6nw/international_total_is_492m_so_far_for_the/	NA
1m36tbd	I'm surprised Sinners did as well as it did with how media illiterate people are	https://reddit.com/r/Cinema/comments/1m36tbd/im_surprised_sinners_did_as_well_as_it_did_with/	NA
1md7arj	'Fantastic Four: First Steps' $170M Promo Push Boosted By Little Caesars, Zillow, Pop-Tarts &amp; More; Pic Eyes $200M U.S. Box Office Cume In 2nd Frame	https://reddit.com/r/boxoffice/comments/1md7arj/fantastic_four_first_steps_170m_promo_push/	NA
1oo5t1j	Sinners	https://reddit.com/r/FIlm/comments/1oo5t1j/sinners/	NA
1p0nu0v	‚ÄòWicked: For Good‚Äô Will Be Popular Around The World With $200M+ Opening, Best Ever For Broadway Feature Adaptation ‚Äì Box Office Preview	https://reddit.com/r/boxoffice/comments/1p0nu0v/wicked_for_good_will_be_popular_around_the_world/	NA
1m9hmbk	Official Discussion Megathread (The Fantastic Four: First Steps / Sorry, Baby / Happy Gilmore 2)	https://reddit.com/r/movies/comments/1m9hmbk/official_discussion_megathread_the_fantastic_four/	NA
1p7bty1	‚ÄòZootopia 2‚Äô Previews $10.2M, ‚ÄòWicked: For Good‚Äô $15.75M Tuesday Is 2nd Best YTD ‚Äì Box Office	https://reddit.com/r/boxoffice/comments/1p7bty1/zootopia_2_previews_102m_wicked_for_good_1575m/	NA
1md9990	Marvel's FANTASTIC FOUR: FIRST STEPS boosted +36% from yesterday with $14.2M on Tuesday, $142M total.	https://reddit.com/r/boxoffice/comments/1md9990/marvels_fantastic_four_first_steps_boosted_36/	NA
1obrbtx	Ryan Coogler's 'Sinners' is Returning to IMAX Theaters for Halloween (Oct. 30 - Nov. 5)	https://reddit.com/r/movies/comments/1obrbtx/ryan_cooglers_sinners_is_returning_to_imax/	NA
1ozs8ov	Disney / 20th Century's Predator: Badlands grossed $12.72M this weekend (from 3,725 locations).  Total domestic gross stands at $66.03M.  Daily Grosses FRI - $3.481M SAT - $5.637M SUN - $3.605M	https://reddit.com/r/boxoffice/comments/1ozs8ov/disney_20th_centurys_predator_badlands_grossed/	NA
1obn1s6	Sinners is being re-released for Halloween Oct. 30-Nov. 5 in select IMAX theaters.	https://reddit.com/r/boxoffice/comments/1obn1s6/sinners_is_being_rereleased_for_halloween_oct/	NA
1p327ih	Wicked For Good posttrak 92% positive 82% definite recommendation	https://reddit.com/r/boxoffice/comments/1p327ih/wicked_for_good_posttrak_92_positive_82_definite/	NA
1oth9l3	[Portugal] Predator: Badlands debuts n¬∫1. (Nov. 6-9)	https://reddit.com/r/boxoffice/comments/1oth9l3/portugal_predator_badlands_debuts_n¬∫1_nov_69/	NA
1ngz0ky	Sinners (2025) ‚Äî Ryan Coogler‚Äôs first flop and a masterclass in wasting my time	https://reddit.com/r/Cinema/comments/1ngz0ky/sinners_2025_ryan_cooglers_first_flop_and_a/	NA
1mjdw6q	Disney‚Äôs The Fantastic Four: First Steps grossed $6.37M on Tuesday (from 4,125 locations).  Total domestic gross stands at $208.04M.	https://reddit.com/r/boxoffice/comments/1mjdw6q/disneys_the_fantastic_four_first_steps_grossed/	NA
1m82p0f	Imax Quarterly Revenue and Profit Rise Amid Hollywood‚Äôs Theatrical Comeback üéüÔ∏è 'Mission: Impossible -The Final Reckoning,' 'Sinners' and 'F1: The Movie' played on its big screens and were all shot with Imax cameras.	https://reddit.com/r/boxoffice/comments/1m82p0f/imax_quarterly_revenue_and_profit_rise_amid/	NA
1mzgt87	The Naked Gun topped the New Zealand box office chart over the weekend, earning $253k. üéüÔ∏è Weapons is now in 2nd place with $171k. üéüÔ∏è The Fantastic Four: First Steps holds steady in 3rd, grossing $89k.	https://reddit.com/r/boxoffice/comments/1mzgt87/the_naked_gun_topped_the_new_zealand_box_office/	NA
1oqkjcw	'Predator: Badlands' Rotten Tomatoes Verified Audience Score Thread	https://reddit.com/r/boxoffice/comments/1oqkjcw/predator_badlands_rotten_tomatoes_verified/	NA
1p0mp8i	Disney / 20th Century's Predator: Badlands grossed $914K on Monday (from 3,725 locations).  Total domestic gross stands at $66.94M.	https://reddit.com/r/boxoffice/comments/1p0mp8i/disney_20th_centurys_predator_badlands_grossed/	NA
1o27zro	Wicked For Good makes Fandango HISTORY after crushing multiple records in its first 24 hours including: best first-day ticket pre-seller of 2025	https://reddit.com/r/boxoffice/comments/1o27zro/wicked_for_good_makes_fandango_history_after/	NA
1o5j7wl	Predator: Badlands | Tickets On Sale Now | in theaters November 7	https://reddit.com/r/boxoffice/comments/1o5j7wl/predator_badlands_tickets_on_sale_now_in_theaters/	NA
1p7c0bs	Wicked Part I daily grosses vs. Wicked For Good daily grosses for Tuesday so far. Wicked For Good estimated to have made $15.75 mil on first Tuesday after opening weekend in comparison to Wicked Part I‚Äôs $16.63 mil Tuesday gross last year.	https://reddit.com/r/boxoffice/comments/1p7c0bs/wicked_part_i_daily_grosses_vs_wicked_for_good/	NA
1npaixz	Wicked: For Good | Final Trailer	https://reddit.com/r/movies/comments/1npaixz/wicked_for_good_final_trailer/	NA
1osnxgn	Predator: Badlands is the 17th movie to open with at least $40M domestic in 2025. Of the prior 16, all of them eventually hit $100M, except Snow White	https://reddit.com/r/boxoffice/comments/1osnxgn/predator_badlands_is_the_17th_movie_to_open_with/	NA
1odaz6n	‚ÄòPredator: Badlands‚Äô Is Now Officially Rated PG-13 for ‚ÄúStrong Sci-fi Violence‚Äù	https://reddit.com/r/movies/comments/1odaz6n/predator_badlands_is_now_officially_rated_pg13/	NA
1p6icoo	Wicked: For Good Flies to $147 Million Opening - Charts with Dan!	https://reddit.com/r/boxoffice/comments/1p6icoo/wicked_for_good_flies_to_147_million_opening/	NA
1nae1nl	No Predator movie has ever reached $200M unadjusted worldwide. How ‚ÄòPredator: Badlands‚Äô will perform in November?	https://reddit.com/r/boxoffice/comments/1nae1nl/no_predator_movie_has_ever_reached_200m/	NA
1mwjclt	Disney's The Fantastic Four: First Steps has passed the $250M domestic mark. The film grossed $954K on Wednesday (from 3,355 locations). Total domestic gross stands at $250.49M.	https://reddit.com/r/boxoffice/comments/1mwjclt/disneys_the_fantastic_four_first_steps_has_passed/	NA
1ot2r0b	Predator: Badlands debuted at No.1 at the New Zealand box office, earning $353k. üéüÔ∏è Pike River dropped to 2nd place taking $189k in its second weekend. üéüÔ∏è Regretting You is now in 3rd, earning $87k.	https://reddit.com/r/boxoffice/comments/1ot2r0b/predator_badlands_debuted_at_no1_at_the_new/	NA
1ow4ahd	More Products, Less Press: How ‚ÄòWicked: For Good‚Äô Marketing Stayed Relevant While Scaling Back	https://reddit.com/r/boxoffice/comments/1ow4ahd/more_products_less_press_how_wicked_for_good/	NA
